mix_skill_id	karma	name	desc
MIX_SKILL__00	0	{'text_eng': 'Fire Manipulation', 'text_jpn': '火を操る', 'text_chs': '操控火', 'text_cht': '操控火', 'text_deu': 'Feuer-Kontrolle', 'text_fra': 'Manipulation du feu', 'text_kor': '불꽃 제어', 'text_rus': 'Манипуляция огнем', 'text_spa': 'Manipulación del fuego'}	{'text_eng': 'Increases resonance area by <NUM0> when slot and ingredient elements match.', 'text_jpn': 'スロットと材料の属性一致時、共鳴範囲＋<NUM0>', 'text_chs': '材料槽与材料的属性一致时，共鸣范围+<NUM0>。', 'text_cht': '材料槽與材料的屬性一致時，共鳴範圍+<NUM0>。', 'text_deu': 'Vergrößert den Resonanzbereich um <NUM0>, wenn Plätze und Elemente der Zutaten übereinstimmen.', 'text_fra': 'Augmente la zone de résonance de <NUM0> lorsque les éléments des emplacements et des ingrédients correspondent.', 'text_kor': '슬롯과 재료의 속성이 일치하면공명범위＋<NUM0>', 'text_rus': 'Расширяет область резонанса на <NUM0> при совпадении стихий ячейки и ингредиента.', 'text_spa': 'Aumenta la zona de resonancia en <NUM0> cuando los elementos de los ingredientes y de la ranura coinciden.'}
MIX_SKILL__01	0	{'text_eng': 'Ice Manipulation', 'text_jpn': '氷を操る', 'text_chs': '操控冰', 'text_cht': '操控冰', 'text_deu': 'Eis-Kontrolle', 'text_fra': 'Manipulation de la glace', 'text_kor': '얼음 제어', 'text_rus': 'Манипуляция льдом', 'text_spa': 'Manipulación del hielo'}	{'text_eng': 'Increases resonance area by <NUM0> when slot and ingredient elements match.', 'text_jpn': 'スロットと材料の属性一致時、共鳴範囲＋<NUM0>', 'text_chs': '材料槽与材料的属性一致时，共鸣范围+<NUM0>。', 'text_cht': '材料槽與材料的屬性一致時，共鳴範圍+<NUM0>。', 'text_deu': 'Vergrößert den Resonanzbereich um <NUM0>, wenn Plätze und Elemente der Zutaten übereinstimmen.', 'text_fra': 'Augmente la zone de résonance de <NUM0> lorsque les éléments des emplacements et des ingrédients correspondent.', 'text_kor': '슬롯과 재료의 속성이 일치하면공명범위＋<NUM0>', 'text_rus': 'Расширяет область резонанса на <NUM0> при совпадении стихий ячейки и ингредиента.', 'text_spa': 'Aumenta la zona de resonancia en <NUM0> cuando los elementos de los ingredientes y de la ranura coinciden.'}
MIX_SKILL__02	0	{'text_eng': 'Bolt Manipulation', 'text_jpn': '雷を操る', 'text_chs': '操控雷', 'text_cht': '操控雷', 'text_deu': 'Elektro-Kontrolle', 'text_fra': 'Manipulation de la foudre', 'text_kor': '번개 제어', 'text_rus': 'Манипуляция молнией', 'text_spa': 'Manipulación del rayo'}	{'text_eng': 'Increases resonance area by <NUM0> when slot and ingredient elements match.', 'text_jpn': 'スロットと材料の属性一致時、共鳴範囲＋<NUM0>', 'text_chs': '材料槽与材料的属性一致时，共鸣范围+<NUM0>。', 'text_cht': '材料槽與材料的屬性一致時，共鳴範圍+<NUM0>。', 'text_deu': 'Vergrößert den Resonanzbereich um <NUM0>, wenn Plätze und Elemente der Zutaten übereinstimmen.', 'text_fra': 'Augmente la zone de résonance de <NUM0> lorsque les éléments des emplacements et des ingrédients correspondent.', 'text_kor': '슬롯과 재료의 속성이 일치하면공명범위＋<NUM0>', 'text_rus': 'Расширяет область резонанса на <NUM0> при совпадении стихий ячейки и ингредиента.', 'text_spa': 'Aumenta la zona de resonancia en <NUM0> cuando los elementos de los ingredientes y de la ranura coinciden.'}
MIX_SKILL__03	0	"{'text_eng': 'Air Manipulation', 'text_jpn': '風を操る', 'text_chs': '操控风', 'text_cht': '操控風', 'text_deu': 'Luft-Kontrolle', 'text_fra': ""Manipulation de l'air"", 'text_kor': '바람 제어', 'text_rus': 'Манипуляция воздухом', 'text_spa': 'Manipulación del aire'}"	{'text_eng': 'Increases resonance area by <NUM0> when slot and ingredient elements match.', 'text_jpn': 'スロットと材料の属性一致時、共鳴範囲＋<NUM0>', 'text_chs': '材料槽与材料的属性一致时，共鸣范围+<NUM0>。', 'text_cht': '材料槽與材料的屬性一致時，共鳴範圍+<NUM0>。', 'text_deu': 'Vergrößert den Resonanzbereich um <NUM0>, wenn Plätze und Elemente der Zutaten übereinstimmen.', 'text_fra': 'Augmente la zone de résonance de <NUM0> lorsque les éléments des emplacements et des ingrédients correspondent.', 'text_kor': '슬롯과 재료의 속성이 일치하면공명범위＋<NUM0>', 'text_rus': 'Расширяет область резонанса на <NUM0> при совпадении стихий ячейки и ингредиента.', 'text_spa': 'Aumenta la zona de resonancia en <NUM0> cuando los elementos de los ingredientes y de la ranura coinciden.'}
MIX_SKILL__04	0	{'text_eng': 'Harmony with Fire', 'text_jpn': '火との調和', 'text_chs': '与火调和', 'text_cht': '與火調和', 'text_deu': 'Feuer-Harmonie', 'text_fra': 'Harmonie avec le feu', 'text_kor': '불꽃과의 조화', 'text_rus': 'Гармония с огнем', 'text_spa': 'Armonía con el fuego'}	{'text_eng': 'Increases resonance area by <NUM0> and boosts quality by <NUM1> when slot and ingredient elements match.', 'text_jpn': 'スロットと材料の属性一致時、共鳴範囲＋<NUM0>、品質＋<NUM1>', 'text_chs': '材料槽与材料的属性一致时，共鸣范围+<NUM0>、品质+<NUM1>。', 'text_cht': '材料槽與材料的屬性一致時，共鳴範圍+<NUM0>、品質+<NUM1>。', 'text_deu': 'Vergrößert den Resonanzbereich um <NUM0> und die Qualität um <NUM1>, wenn Plätze und Elemente der Zutaten übereinstimmen.', 'text_fra': 'Augmente la zone de résonance de <NUM0> et la qualité de <NUM1> lorsque les éléments des emplacements et des ingrédients correspondent.', 'text_kor': '슬롯과 재료의 속성이 일치하면공명범위＋<NUM0>, 품질＋<NUM1>', 'text_rus': 'Расширяет область резонанса на <NUM0> и повышает качество на <NUM1> при совпадении стихий ячейки и ингредиента.', 'text_spa': 'Aumenta la zona de resonancia en <NUM0> y potencia la calidad en <NUM1> cuando los elementos de los ingredientes y de la ranura coinciden.'}
MIX_SKILL__05	0	{'text_eng': 'Harmony with Ice', 'text_jpn': '氷との調和', 'text_chs': '与冰调和', 'text_cht': '與冰調和', 'text_deu': 'Eis-Harmonie', 'text_fra': 'Harmonie avec la glace', 'text_kor': '얼음과의 조화', 'text_rus': 'Гармония со льдом', 'text_spa': 'Armonía con el hielo'}	{'text_eng': 'Increases resonance area by <NUM0> and boosts quality by <NUM1> when slot and ingredient elements match.', 'text_jpn': 'スロットと材料の属性一致時、共鳴範囲＋<NUM0>、品質＋<NUM1>', 'text_chs': '材料槽与材料的属性一致时，共鸣范围+<NUM0>、品质+<NUM1>。', 'text_cht': '材料槽與材料的屬性一致時，共鳴範圍+<NUM0>、品質+<NUM1>。', 'text_deu': 'Vergrößert den Resonanzbereich um <NUM0> und die Qualität um <NUM1>, wenn Plätze und Elemente der Zutaten übereinstimmen.', 'text_fra': 'Augmente la zone de résonance de <NUM0> et la qualité de <NUM1> lorsque les éléments des emplacements et des ingrédients correspondent.', 'text_kor': '슬롯과 재료의 속성이 일치하면공명범위＋<NUM0>, 품질＋<NUM1>', 'text_rus': 'Расширяет область резонанса на <NUM0> и повышает качество на <NUM1> при совпадении стихий ячейки и ингредиента.', 'text_spa': 'Aumenta la zona de resonancia en <NUM0> y potencia la calidad en <NUM1> cuando los elementos de los ingredientes y de la ranura coinciden.'}
MIX_SKILL__06	0	{'text_eng': 'Harmony with Bolt', 'text_jpn': '雷との調和', 'text_chs': '与雷调和', 'text_cht': '與雷調和', 'text_deu': 'Elektro-Harmonie', 'text_fra': 'Harmonie avec la foudre', 'text_kor': '번개와의 조화', 'text_rus': 'Гармония с молнией', 'text_spa': 'Armonía con el rayo'}	{'text_eng': 'Increases resonance area by <NUM0> and boosts quality by <NUM1> when slot and ingredient elements match.', 'text_jpn': 'スロットと材料の属性一致時、共鳴範囲＋<NUM0>、品質＋<NUM1>', 'text_chs': '材料槽与材料的属性一致时，共鸣范围+<NUM0>、品质+<NUM1>。', 'text_cht': '材料槽與材料的屬性一致時，共鳴範圍+<NUM0>、品質+<NUM1>。', 'text_deu': 'Vergrößert den Resonanzbereich um <NUM0> und die Qualität um <NUM1>, wenn Plätze und Elemente der Zutaten übereinstimmen.', 'text_fra': 'Augmente la zone de résonance de <NUM0> et la qualité de <NUM1> lorsque les éléments des emplacements et des ingrédients correspondent.', 'text_kor': '슬롯과 재료의 속성이 일치하면공명범위＋<NUM0>, 품질＋<NUM1>', 'text_rus': 'Расширяет область резонанса на <NUM0> и повышает качество на <NUM1> при совпадении стихий ячейки и ингредиента.', 'text_spa': 'Aumenta la zona de resonancia en <NUM0> y potencia la calidad en <NUM1> cuando los elementos de los ingredientes y de la ranura coinciden.'}
MIX_SKILL__07	0	"{'text_eng': 'Harmony with Air', 'text_jpn': '風との調和', 'text_chs': '与风调和', 'text_cht': '與風調和', 'text_deu': 'Luft-Harmonie', 'text_fra': ""Harmonie avec l'air"", 'text_kor': '바람과의 조화', 'text_rus': 'Гармония с воздухом', 'text_spa': 'Armonía con el aire'}"	{'text_eng': 'Increases resonance area by <NUM0> and boosts quality by <NUM1> when slot and ingredient elements match.', 'text_jpn': 'スロットと材料の属性一致時、共鳴範囲＋<NUM0>、品質＋<NUM1>', 'text_chs': '材料槽与材料的属性一致时，共鸣范围+<NUM0>、品质+<NUM1>。', 'text_cht': '材料槽與材料的屬性一致時，共鳴範圍+<NUM0>、品質+<NUM1>。', 'text_deu': 'Vergrößert den Resonanzbereich um <NUM0> und die Qualität um <NUM1>, wenn Plätze und Elemente der Zutaten übereinstimmen.', 'text_fra': 'Augmente la zone de résonance de <NUM0> et la qualité de <NUM1> lorsque les éléments des emplacements et des ingrédients correspondent.', 'text_kor': '슬롯과 재료의 속성이 일치하면공명범위＋<NUM0>, 품질＋<NUM1>', 'text_rus': 'Расширяет область резонанса на <NUM0> и повышает качество на <NUM1> при совпадении стихий ячейки и ингредиента.', 'text_spa': 'Aumenta la zona de resonancia en <NUM0> y potencia la calidad en <NUM1> cuando los elementos de los ingredientes y de la ranura coinciden.'}
MIX_SKILL__08	0	{'text_eng': 'Mass-Production System', 'text_jpn': '量産体制', 'text_chs': '量产体制', 'text_cht': '量產體制', 'text_deu': 'Massenproduktionssystem', 'text_fra': 'Système de production de masse', 'text_kor': '양산 체제', 'text_rus': 'Система массового производства', 'text_spa': 'Sistema de producción en masa'}	"{'text_eng': 'Increases quantity by 1 when the number of ingredients added reaches <NUM0>.', 'text_jpn': '投入回数<NUM0>回につき、作成個数＋１', 'text_chs': '每放入<NUM0>次，制作个数+1。', 'text_cht': '每放入<NUM0>次，製作個數+1。', 'text_deu': 'Erhöht die Menge um 1, wenn die Anzahl der hinzugefügten Zutaten <NUM0> erreicht.', 'text_fra': ""Augmente la quantité de\xa01 lorsque le nombre d'ingrédients ajoutés atteint\xa0<NUM0>."", 'text_kor': '투입횟수 <NUM0>회당, 제작개수＋1', 'text_rus': 'Увеличивает количество на 1, когда число добавленных ингредиентов достигает <NUM0>.', 'text_spa': 'Aumenta en\xa01 la cantidad cuando el número de ingredientes añadidos llega a <NUM0>.'}"
MIX_SKILL__11	0	{'text_eng': 'Novice Alchemist', 'text_jpn': '駆け出し錬金術士', 'text_chs': '新手炼金术士', 'text_cht': '新手鍊金術士', 'text_deu': 'Anfänger-Alchemist', 'text_fra': 'Alchimiste novice', 'text_kor': '신출내기 연금술사', 'text_rus': 'Начинающий алхимик', 'text_spa': 'Alquimista principiante'}	{'text_eng': 'Increases resonance area by <NUM0> and quality by <NUM1> when adding an ingredient from the neutralizer category.', 'text_jpn': '「中和剤」カテゴリの材料投入時、共鳴範囲＋<NUM0>、品質＋<NUM1>', 'text_chs': '放入类别为“中和剂”的材料时，共鸣范围+<NUM0>、品质+<NUM1>。', 'text_cht': '放入「中和劑」類別的材料時，共鳴範圍+<NUM0>、品質+<NUM1>。', 'text_deu': 'Vergrößert den Resonanzbereich um <NUM0> und Qualität um <NUM1>, wenn eine Zutat der Kategorie „Neutralisator“ hinzugefügt wird.', 'text_fra': 'Augmente la zone de résonance de <NUM0> et la qualité de <NUM1> en ajoutant un ingrédient de la catégorie Neutralisant.', 'text_kor': '「중화제」 카테고리의 재료를 투입하면공명범위＋<NUM0>, 품질＋<NUM1>', 'text_rus': 'Усиливает область воздействия на <NUM0> и качество на <NUM1> при добавлении ингредиента из категории нейтрализаторов.', 'text_spa': 'Potencia la zona de influencia en <NUM0> y la calidad en <NUM1> cuando se añade un ingrediente de la categoría de neutralizadores.'}
MIX_SKILL__12	0	"{'text_eng': ""A Smithy's Expertise"", 'text_jpn': '鍛冶屋の心得', 'text_chs': '铁匠心得', 'text_cht': '鐵匠心得', 'text_deu': 'Des Schmieds Können', 'text_fra': 'Expertise de forgeron', 'text_kor': '대장장이의 소양', 'text_rus': 'Мастерство кузнеца', 'text_spa': 'Especialidad de herrería'}"	"{'text_eng': 'Increases resonance area by <NUM0> and ATK by <NUM1> when adding an ingredient from the ingot category.', 'text_jpn': '「インゴット」カテゴリの材料投入時、共鳴範囲＋<NUM0>、攻撃力＋<NUM1>', 'text_chs': '放入类别为“金属块”的材料时，共鸣范围+<NUM0>、攻击力+<NUM1>。', 'text_cht': '放入「金屬塊」類別的材料時，共鳴範圍+<NUM0>、攻擊力+<NUM1>。', 'text_deu': 'Vergrößert den Resonanzbereich um <NUM0> und ANG um <NUM1>, wenn eine Zutat der Kategorie „Barren“ hinzugefügt wird.', 'text_fra': ""Augmente la zone de résonance de <NUM0> et l'ATQ de <NUM1> en ajoutant un ingrédient de la catégorie Lingot."", 'text_kor': '「잉곳」 카테고리의 재료를 투입하면공명범위＋<NUM0>, 공격력＋<NUM1>', 'text_rus': 'Усиливает область воздействия на <NUM0> и АТК на <NUM1> при добавлении ингредиента из категории слитков.', 'text_spa': 'Potencia la zona de influencia en <NUM0> y el ATQ en <NUM1> cuando se añade un ingrediente de la categoría de lingotes.'}"
MIX_SKILL__13	0	"{'text_eng': ""An Armorer's Expertise"", 'text_jpn': '防具屋の心得', 'text_chs': '防具工匠心得', 'text_cht': '防具工匠心得', 'text_deu': 'Des Waffenschmieds Wissensschatz', 'text_fra': ""Expertise d'armurier"", 'text_kor': '방어구점장의 소양', 'text_rus': 'Опыт оружейника', 'text_spa': 'Experiencia de armería'}"	{'text_eng': 'Increases resonance area by <NUM0> and DEF by <NUM1> when adding an ingredient from the cloth category.', 'text_jpn': '「クロース」カテゴリの材料投入時、共鳴範囲＋<NUM0>、防御力＋<NUM1>', 'text_chs': '放入类别为“布料”的材料时，共鸣范围+<NUM0>、防御力+<NUM1>。', 'text_cht': '放入「布料」類別的材料時，共鳴範圍+<NUM0>、防禦力+<NUM1>。', 'text_deu': 'Vergrößert den Resonanzbereich um <NUM0> und VRT um <NUM1>, wenn eine Zutat der Kategorie „Stoff“ hinzugefügt wird.', 'text_fra': 'Augmente la zone de résonance de <NUM0> et la DÉF de <NUM1> en ajoutant un ingrédient de la catégorie Tissu.', 'text_kor': '「클로스」 카테고리의 재료를 투입하면공명범위＋<NUM0>, 방어력＋<NUM1>', 'text_rus': 'Усиливает область воздействия на <NUM0> и ЗЩТ на <NUM1> при добавлении ингредиента из категории тканей.', 'text_spa': 'Potencia la zona de influencia en <NUM0> y la DEF en <NUM1> cuando se añade un ingrediente de la categoría de tela.'}
MIX_SKILL__16	-10	{'text_eng': 'Proficient Alchemist', 'text_jpn': '熟練錬金術士', 'text_chs': '熟练炼金术士', 'text_cht': '熟練鍊金術士', 'text_deu': 'Geübter Alchemist', 'text_fra': 'Alchimiste chevronné', 'text_kor': '숙련된 연금술사', 'text_rus': 'Опытный алхимик', 'text_spa': 'Alquimista competente'}	{'text_eng': 'Increases resonance area by <NUM0>, quality by <NUM1>, and resonance Lv. by <NUM2> when adding an ingredient from the elixir category.', 'text_jpn': '「エリキシル」カテゴリの材料投入時、共鳴範囲＋<NUM0>、品質＋<NUM1>、共鳴＋<NUM2>', 'text_chs': '放入类别为“万灵药”的材料时，共鸣范围+<NUM0>、品质+<NUM1>、共鸣+<NUM2>。', 'text_cht': '放入「萬靈藥」類別的材料時，共鳴範圍+<NUM0>、品質+<NUM1>、共鳴+<NUM2>。', 'text_deu': 'Verbessert den Resonanzbereich um <NUM0>, die Qualität um <NUM1> und die Sphären-St. um <NUM2>, wenn eine Zutat aus der Kategorie Elixier hinzugefügt wird.', 'text_fra': 'Augmente la zone de résonance de <NUM0>, la qualité de <NUM1>, et le Niv. de résonance de <NUM2> en ajoutant un ingrédient de la catégorie Élixir.', 'text_kor': '「엘릭시르」 카테고리의 재료를 투입하면공명범위＋<NUM0>, 품질＋<NUM1>, 공명＋<NUM2>', 'text_rus': 'Усиливает область воздействия на <NUM0>, повышает качество на <NUM1> и уровень сферы на <NUM2> при добавлении ингредиента из категории эликсиров.', 'text_spa': 'Potencia la zona de influencia en <NUM0>, la calidad en <NUM1> y el nv. de esfera en <NUM2> al añadir un ingrediente de la categoría de elixires.'}
MIX_SKILL__17	-10	{'text_eng': 'Draw Out Quality', 'text_jpn': '品質を引き出す', 'text_chs': '激发品质', 'text_cht': '激發品質', 'text_deu': 'Qualität verfeinern', 'text_fra': 'Intensification de qualité', 'text_kor': '품질 개발', 'text_rus': 'Повышение качества', 'text_spa': 'Extraer calidad'}	"{'text_eng': 'Boosts the quality gained when adding ingredients by <NUM0>x.', 'text_jpn': '材料投入時の品質上昇値が<NUM0>倍', 'text_chs': '放入材料时的品质提升值变为<NUM0>倍。', 'text_cht': '放入材料時的品質上升值為<NUM0>倍。', 'text_deu': 'Verbessert die Qualität beim Hinzufügen von Zutaten <NUM0>-mal.', 'text_fra': ""Augmente la qualité obtenue de <NUM0> lors de l'ajout d'ingrédients."", 'text_kor': '재료 투입 시품질 상승치가 <NUM0>배', 'text_rus': 'Повышает качество, полученное при добавлении ингредиентов, в <NUM0>\xa0р.', 'text_spa': 'Potencia la calidad obtenida al añadir ingredientes en x<NUM0>.'}"
MIX_SKILL__18	-10	"{'text_eng': 'Draw Out Abilities', 'text_jpn': '能力を引き出す', 'text_chs': '激发能力', 'text_cht': '激發能力', 'text_deu': 'Fähigkeiten verfeinern', 'text_fra': ""Intensification d'aptitudes"", 'text_kor': '능력 개발', 'text_rus': 'Улучшение способностей', 'text_spa': 'Extraer talentos'}"	"{'text_eng': 'Boosts the stats gained when adding ingredients by <NUM0>x.', 'text_jpn': '材料投入時のステータス上昇量が<NUM0>倍', 'text_chs': '放入材料时的能力提升量变为<NUM0>倍。', 'text_cht': '放入材料時的能力上升量為<NUM0>倍。', 'text_deu': 'Verbessert die Werte, die beim Hinzufügen von Zutaten gewonnen werden, <NUM0>-mal.', 'text_fra': ""Augmente les stats obtenues de <NUM0> lors de l'ajout d'ingrédients."", 'text_kor': '재료 투입 시스테이터스 상승량이 <NUM0>배', 'text_rus': 'Повышает параметры, полученные при добавлении ингредиентов, в <NUM0>\xa0р.', 'text_spa': 'Potencia las estadísticas obtenidas al añadir ingredientes en x<NUM0>.'}"
MIX_SKILL__20	10	{'text_eng': 'Forced Unlocking', 'text_jpn': '強制開放', 'text_chs': '强制解锁', 'text_cht': '強制解鎖', 'text_deu': 'Erzwungene Freischaltung', 'text_fra': 'Déverrouillage forcé', 'text_kor': '강제 개방', 'text_rus': 'Принудительное открытие', 'text_spa': 'Desbloqueo forzoso'}	"{'text_eng': ""Sets the recipe's level to maximum for this synthesis only."", 'text_jpn': 'この調合のみレシピレベルを最大状態にする', 'text_chs': '仅限此次调合，配方等级升至最高状态。', 'text_cht': '僅於此次調合將配方等級提升至最高狀態。', 'text_deu': 'Setzt die Stufe des Rezepts nur für diese Synthese auf den Höchstwert.', 'text_fra': 'Définit le niveau de la recette au maximum pour cette synthèse uniquement.', 'text_kor': '해당 조합에서만 레시피 레벨을최대 상태로 만든다', 'text_rus': 'Устанавливает максимальный уровень рецепта только для этого синтеза.', 'text_spa': 'Establece el nivel de la receta al máximo solo para esta síntesis.'}"
MIX_SKILL__23	10	{'text_eng': 'Chain Reaction', 'text_jpn': '連鎖反応', 'text_chs': '连锁反应', 'text_cht': '連鎖反應', 'text_deu': 'Kettenreaktion', 'text_fra': 'Réaction en chaîne', 'text_kor': '연쇄 반응', 'text_rus': 'Цепная реакция', 'text_spa': 'Reacción en cadena'}	"{'text_eng': ""When adding ingredients, if the expanding resonance area contacts another slot, then that slot's resonance area will increase by 1/4th of the size of the ingredient's resonance area."", 'text_jpn': '材料投入時に広がる共鳴範囲が、他のスロットに触れた場合、触れたスロットを中心に投入した材料の４分の１サイズの共鳴範囲が拡散する', 'text_chs': '放入材料时，扩散的共鸣范围若接触到其他材料槽，共鸣范围将以接触到的材料槽为中心，扩散所放入材料四分之一的大小。', 'text_cht': '放入材料時擴散的共鳴範圍若接觸到其他材料槽，共鳴範圍將以接觸到的材料槽為中心，擴散所放入材料四分之一的大小。', 'text_deu': 'Wenn beim Hinzufügen von Zutaten der sich ausdehnende Resonanzbereich einen anderen Platz berührt, breitet sich dieser Resonanzbereich auch von diesem Platz mit 1/4 seiner ursprünglichen Größe aus.', 'text_fra': ""En ajoutant des ingrédients, si la zone de résonance entre en contact avec un autre emplacement, celle-ci augmentera de 1/4 de la taille de la zone de résonance de l'ingrédient touché."", 'text_kor': '재료 투입 시 넓어지는 공명범위가다른 슬롯에 닿으면, 닿은 슬롯을중심으로 투입한 재료의 1/4 사이즈의공명범위가 확산된다', 'text_rus': 'Если при добавлении ингредиентов расширяющаяся область резонанса соприкасается с другой ячейкой, то область резонанса этой ячейки увеличится на 1/4\xa0размера области резонанса ингредиента.', 'text_spa': 'Al añadir ingredientes, si la zona de resonancia en expansión entra en contacto con otra ranura, se extenderá también a esa ranura pero con 1/4 del tamaño original de la zona de resonancia del ingrediente.'}"
MIX_SKILL__50	0	{'text_eng': 'Quality Multiplier', 'text_jpn': '品質補正', 'text_chs': '品质调整', 'text_cht': '品質調整', 'text_deu': 'Qualitäts-Erhöhung', 'text_fra': 'Multiplicateur de qualité', 'text_kor': '품질 보정', 'text_rus': 'Множитель качества', 'text_spa': 'Multiplicador de calidad'}	{'text_eng': 'Boosts quality by <NUM0>%.', 'text_jpn': '品質＋<NUM0>％', 'text_chs': '品质+<NUM0>%', 'text_cht': '品質+<NUM0>%', 'text_deu': 'Verbessert die Qualität um <NUM0> %.', 'text_fra': 'Augmente la qualité de <NUM0>\xa0%.', 'text_kor': '품질＋<NUM0>%', 'text_rus': 'Повышает качество на <NUM0>%.', 'text_spa': 'Potencia la calidad un <NUM0>\xa0%.'}
MIX_SKILL__53	0	{'text_eng': 'Duplication Method', 'text_jpn': '複製法', 'text_chs': '复制法', 'text_cht': '複製法', 'text_deu': 'Duplizier-Methode', 'text_fra': 'Méthode de duplication', 'text_kor': '복제법', 'text_rus': 'Метод удвоения', 'text_spa': 'Método de duplicación'}	{'text_eng': 'Increases quantity by <NUM0>.', 'text_jpn': '作成個数＋<NUM0>', 'text_chs': '制作个数+<NUM0>', 'text_cht': '製作個數+<NUM0>', 'text_deu': 'Erhöht Menge um <NUM0>.', 'text_fra': 'Augmente la quantité de <NUM0>.', 'text_kor': '제작개수＋<NUM0>', 'text_rus': 'Увеличивает количество на <NUM0>.', 'text_spa': 'Aumenta la cantidad en <NUM0>.'}
MIX_SKILL__54	0	{'text_eng': 'HP Multiplier', 'text_jpn': 'HP補正', 'text_chs': 'HP调整', 'text_cht': 'HP調整', 'text_deu': 'LP-Erhöhung', 'text_fra': 'Multiplicateur PV', 'text_kor': 'HP 보정', 'text_rus': 'Множитель ОЗ', 'text_spa': 'Multiplicador de PS'}	"{'text_eng': 'Boosts equipment HP by <NUM0>%.', 'text_jpn': '装備品のHP＋<NUM0>％', 'text_chs': '装备的HP+<NUM0>%', 'text_cht': '裝備的HP+<NUM0>%', 'text_deu': 'Erhöht die LP um <NUM0> %.', 'text_fra': ""Augmente les PV de l'équipement de <NUM0>\xa0%."", 'text_kor': '장비품의 HP＋<NUM0>%', 'text_rus': 'Повышает ОЗ на <NUM0>%.', 'text_spa': 'Potencia los PS un <NUM0>\xa0%.'}"
MIX_SKILL__55	0	{'text_eng': 'ATK Multiplier', 'text_jpn': '攻撃力補正', 'text_chs': '攻击力调整', 'text_cht': '攻擊力調整', 'text_deu': 'ANG-Erhöhung', 'text_fra': 'Multiplicateur ATQ', 'text_kor': '공격력 보정', 'text_rus': 'Множитель АТК', 'text_spa': 'Multiplicador de ATQ'}	"{'text_eng': 'Boosts equipment ATK by <NUM0>%.', 'text_jpn': '装備品の攻撃力＋<NUM0>％', 'text_chs': '装备的攻击力+<NUM0>%', 'text_cht': '裝備的攻擊力+<NUM0>%', 'text_deu': 'Erhöht Ausrüstungs-ANG um <NUM0> %.', 'text_fra': ""Augmente l'ATQ de l'équipement de <NUM0>\xa0%."", 'text_kor': '장비품의 공격력＋<NUM0>%', 'text_rus': 'Повышает АТК снаряжения на <NUM0>%.', 'text_spa': 'Potencia un <NUM0>\xa0% el ATQ del equipo.'}"
MIX_SKILL__56	0	{'text_eng': 'DEF Multiplier', 'text_jpn': '防御力補正', 'text_chs': '防御力调整', 'text_cht': '防禦力調整', 'text_deu': 'VRT-Erhöhung', 'text_fra': 'Multiplicateur DÉF', 'text_kor': '방어력 보정', 'text_rus': 'Множитель ЗЩТ', 'text_spa': 'Multiplicador de DEF'}	"{'text_eng': 'Boosts equipment DEF by <NUM0>%.', 'text_jpn': '装備品の防御力＋<NUM0>％', 'text_chs': '装备的防御力+<NUM0>%', 'text_cht': '裝備的防禦力+<NUM0>%', 'text_deu': 'Erhöht Ausrüstungs-VRT um <NUM0> %.', 'text_fra': ""Augmente la DÉF de l'équipement de <NUM0>\xa0%."", 'text_kor': '장비품의 방어력＋<NUM0>%', 'text_rus': 'Повышает ЗЩТ снаряжения на <NUM0>%.', 'text_spa': 'Potencia un <NUM0>\xa0% la DEF del equipo.'}"
MIX_SKILL__57	0	{'text_eng': 'SPD Multiplier', 'text_jpn': '素早さ補正', 'text_chs': '敏捷调整', 'text_cht': '敏捷調整', 'text_deu': 'TMP-Erhöhung', 'text_fra': 'Multiplicateur VIT', 'text_kor': '민첩성 보정', 'text_rus': 'Множитель СКР', 'text_spa': 'Multiplicador de VEL'}	"{'text_eng': 'Boosts equipment SPD by <NUM0>%.', 'text_jpn': '装備品の素早さ＋<NUM0>％', 'text_chs': '装备的敏捷+<NUM0>%', 'text_cht': '裝備的敏捷+<NUM0>%', 'text_deu': 'Erhöht Ausrüstungs-TMP um <NUM0> %.', 'text_fra': ""Améliore la VIT de l'équipement de <NUM0>\xa0%."", 'text_kor': '장비품의 민첩성＋<NUM0>%', 'text_rus': 'Повышает СКР снаряжения на <NUM0>%.', 'text_spa': 'Potencia un <NUM0>\xa0% la VEL del equipo.'}"
MIX_SKILL__58	0	{'text_eng': 'Quality Multiplier+', 'text_jpn': '品質補正＋', 'text_chs': '品质调整+', 'text_cht': '品質調整+', 'text_deu': 'Qualitätserhöhung +', 'text_fra': 'Multiplicateur de qualité+', 'text_kor': '품질 보정＋', 'text_rus': 'Множитель качества+', 'text_spa': 'Multiplicador de calidad +'}	{'text_eng': 'Boosts quality by <NUM0>%.', 'text_jpn': '品質＋<NUM0>％', 'text_chs': '品质+<NUM0>%', 'text_cht': '品質+<NUM0>%', 'text_deu': 'Verbessert Qualität um <NUM0> %.', 'text_fra': 'Augmente la qualité de <NUM0>\xa0%.', 'text_kor': '품질＋<NUM0>%', 'text_rus': 'Повышает качество на <NUM0>%.', 'text_spa': 'Potencia la calidad un <NUM0>\xa0%.'}
MIX_SKILL__61	0	{'text_eng': 'Duplication Method+', 'text_jpn': '複製法＋', 'text_chs': '复制法+', 'text_cht': '複製法+', 'text_deu': 'Duplizier-Methode +', 'text_fra': 'Méthode de duplication+', 'text_kor': '복제법＋', 'text_rus': 'Метод удвоения+', 'text_spa': 'Método de duplicación +'}	{'text_eng': 'Increases quantity by <NUM0>.', 'text_jpn': '作成個数＋<NUM0>', 'text_chs': '制作个数+<NUM0>', 'text_cht': '製作個數+<NUM0>', 'text_deu': 'Erhöht Menge um <NUM0>.', 'text_fra': 'Augmente la quantité de <NUM0>.', 'text_kor': '제작개수＋<NUM0>', 'text_rus': 'Увеличивает количество на <NUM0>.', 'text_spa': 'Aumenta la cantidad en <NUM0>.'}
MIX_SKILL__62	0	{'text_eng': 'HP Multiplier+', 'text_jpn': 'HP補正＋', 'text_chs': 'HP调整+', 'text_cht': 'HP調整+', 'text_deu': 'LP-Erhöhung +', 'text_fra': 'Multiplicateur PV+', 'text_kor': 'HP 보정＋', 'text_rus': 'Множитель ОЗ+', 'text_spa': 'Multiplicador de PS +'}	"{'text_eng': 'Boosts equipment HP by <NUM0>%.', 'text_jpn': '装備品のHP＋<NUM0>％', 'text_chs': '装备的HP+<NUM0>%', 'text_cht': '裝備的HP+<NUM0>%', 'text_deu': 'Verbessert LP um <NUM0> %.', 'text_fra': ""Augmente les PV de l'équipement de <NUM0>\xa0%."", 'text_kor': '장비품의 HP＋<NUM0>%', 'text_rus': 'Повышает ОЗ на <NUM0>%.', 'text_spa': 'Potencia los PS un <NUM0>\xa0%.'}"
MIX_SKILL__63	0	{'text_eng': 'ATK Multiplier+', 'text_jpn': '攻撃力補正＋', 'text_chs': '攻击力调整+', 'text_cht': '攻擊力調整+', 'text_deu': 'ANG-Erhöhung +', 'text_fra': 'Multiplicateur ATQ+', 'text_kor': '공격력 보정＋', 'text_rus': 'Множитель АТК+', 'text_spa': 'Multiplicador de ATQ +'}	"{'text_eng': 'Boosts equipment ATK by <NUM0>%.', 'text_jpn': '装備品の攻撃力＋<NUM0>％', 'text_chs': '装备的攻击力+<NUM0>%', 'text_cht': '裝備的攻擊力+<NUM0>%', 'text_deu': 'Erhöht Ausrüstungs-ANG um <NUM0> %.', 'text_fra': ""Augmente l'ATQ de l'équipement de <NUM0>\xa0%."", 'text_kor': '장비품의 공격력＋<NUM0>%', 'text_rus': 'Повышает АТК снаряжения на <NUM0>%.', 'text_spa': 'Potencia un <NUM0>\xa0% el ATQ del equipo.'}"
MIX_SKILL__64	0	{'text_eng': 'DEF Multiplier+', 'text_jpn': '防御力補正＋', 'text_chs': '防御力调整+', 'text_cht': '防禦力調整+', 'text_deu': 'VRT-Erhöhung +', 'text_fra': 'Multiplicateur DÉF+', 'text_kor': '방어력 보정＋', 'text_rus': 'Множитель ЗЩТ+', 'text_spa': 'Multiplicador de DEF +'}	"{'text_eng': 'Boosts equipment DEF by <NUM0>%.', 'text_jpn': '装備品の防御力＋<NUM0>％', 'text_chs': '装备的防御力+<NUM0>%', 'text_cht': '裝備的防禦力+<NUM0>%', 'text_deu': 'Erhöht Ausrüstungs-VRT um <NUM0> %.', 'text_fra': ""Augmente la DÉF de l'équipement de <NUM0>\xa0%."", 'text_kor': '장비품의 방어력＋<NUM0>%', 'text_rus': 'Повышает ЗЩТ снаряжения на <NUM0>%.', 'text_spa': 'Potencia un <NUM0>\xa0% la DEF del equipo.'}"
MIX_SKILL__65	0	{'text_eng': 'SPD Multiplier+', 'text_jpn': '素早さ補正＋', 'text_chs': '敏捷调整+', 'text_cht': '敏捷調整+', 'text_deu': 'TMP-Erhöhung +', 'text_fra': 'Multiplicateur VIT+', 'text_kor': '민첩성 보정＋', 'text_rus': 'Множитель СКР+', 'text_spa': 'Multiplicador de VEL +'}	"{'text_eng': 'Boosts equipment SPD by <NUM0>%.', 'text_jpn': '装備品の素早さ＋<NUM0>％', 'text_chs': '装备的敏捷+<NUM0>%', 'text_cht': '裝備的敏捷+<NUM0>%', 'text_deu': 'Erhöht Ausrüstungs-TMP um <NUM0> %.', 'text_fra': ""Améliore la VIT de l'équipement de <NUM0>\xa0%."", 'text_kor': '장비품의 민첩성＋<NUM0>%', 'text_rus': 'Повышает СКР снаряжения на <NUM0>%.', 'text_spa': 'Potencia un <NUM0>\xa0% la VEL del equipo.'}"
MIX_SKILL__66	0	{'text_eng': 'Fast Buildup', 'text_jpn': '高速展開', 'text_chs': '高速展开', 'text_cht': '高速展開', 'text_deu': 'Abklingzeit', 'text_fra': 'Recharge rapide', 'text_kor': '고속 전개', 'text_rus': 'Быстрый темп', 'text_spa': 'Reutilización veloz'}	"{'text_eng': 'Reduces item cooldown by <NUM0> second(s).', 'text_jpn': 'アイテムのクールタイム－<NUM0>秒', 'text_chs': '道具的冷却时间-<NUM0>秒。', 'text_cht': '道具的冷卻時間-<NUM0>秒。', 'text_deu': 'Reduziert die Abklingzeit von Gegenständen um <NUM0> Sek.', 'text_fra': ""Réduit le TdR de l'objet de <NUM0>\xa0seconde(s)."", 'text_kor': '아이템의 쿨타임－<NUM0>초', 'text_rus': 'Сокращает перезарядку предмета на <NUM0>\xa0сек.', 'text_spa': 'Reduce la reutilización de objetos en <NUM0> segundo(s).'}"
MIX_SKILL__67	0	{'text_eng': 'Uses Up', 'text_jpn': '回数増加', 'text_chs': '次数增加', 'text_cht': '次數增加', 'text_deu': 'Haltbarkeit', 'text_fra': 'Utilisations augmentées', 'text_kor': '횟수 증가', 'text_rus': 'Долгое применение', 'text_spa': 'Más usos'}	"{'text_eng': 'Increases item uses by <NUM0>.', 'text_jpn': 'アイテムの使用回数＋<NUM0>回', 'text_chs': '道具的使用次数+<NUM0>次。', 'text_cht': '道具的使用次數+<NUM0>次。', 'text_deu': 'Erhöht die Nutzung von Gegenständen um <NUM0>.', 'text_fra': ""Augmente le nombre d'utilisations de l'objet de <NUM0>."", 'text_kor': '아이템의 사용횟수＋<NUM0>회', 'text_rus': 'Увеличивает число использований предмета на <NUM0>.', 'text_spa': 'Aumenta los usos de un objeto en <NUM0>.'}"
MIX_SKILL__68	-10	{'text_eng': 'Boost Quality', 'text_jpn': '質を高める', 'text_chs': '提升品质', 'text_cht': '提升品質', 'text_deu': 'Qualität verbessern', 'text_fra': 'Qualité augmentée', 'text_kor': '품질 향상', 'text_rus': 'Повышение качества', 'text_spa': 'Potenciar calidad'}	{'text_eng': 'Boosts quality by <NUM0>%.', 'text_jpn': '品質を<NUM0>％上昇させる', 'text_chs': '使品质提升<NUM0>%。', 'text_cht': '使品質上升<NUM0>%。', 'text_deu': 'Verbessert die Qualität um <NUM0> %.', 'text_fra': 'Augmente la qualité de <NUM0>\xa0%.', 'text_kor': '품질을 <NUM0>% 상승시킨다', 'text_rus': 'Повышает качество на <NUM0>%.', 'text_spa': 'Potencia la calidad un <NUM0>\xa0%.'}
MIX_SKILL__69	-10	{'text_eng': 'Custom Attack', 'text_jpn': '攻撃カスタム', 'text_chs': '自定义攻击', 'text_cht': '自訂攻擊', 'text_deu': 'Rasanter Angriff', 'text_fra': 'Attaque personnalisée', 'text_kor': '공격 커스텀', 'text_rus': 'Своя атака', 'text_spa': 'Ataque a medida'}	"{'text_eng': 'Boosts equipment ATK & SPD by <NUM0>.', 'text_jpn': '装備品の攻撃力、素早さ＋<NUM0>', 'text_chs': '装备的攻击力和敏捷+<NUM0>。', 'text_cht': '裝備的攻擊力、敏捷+<NUM0>。', 'text_deu': 'Verbessert Ausrüstungs-ANG und TMP um <NUM0>.', 'text_fra': ""Augmente l'ATQ et la VIT de l'équipement de <NUM0>."", 'text_kor': '장비품의 공격력, 민첩성＋<NUM0>', 'text_rus': 'Повышает АТК и СКР снаряжения на <NUM0>.', 'text_spa': 'Potencia el ATQ y la VEL del equipo en <NUM0>.'}"
MIX_SKILL__70	-10	{'text_eng': 'Custom Defense', 'text_jpn': '防御カスタム', 'text_chs': '自定义防御', 'text_cht': '自訂防禦', 'text_deu': 'Robuste Verteidigung', 'text_fra': 'Défense personnalisée', 'text_kor': '방어 커스텀', 'text_rus': 'Своя защита', 'text_spa': 'Defensa a medida'}	"{'text_eng': 'Boosts equipment HP & DEF by <NUM0>.', 'text_jpn': '装備品のHP、防御力＋<NUM0>', 'text_chs': '装备的HP和防御力+<NUM0>。', 'text_cht': '裝備的HP、防禦力+<NUM0>。', 'text_deu': 'Verbessert Ausrüstungs-LP und VRT um <NUM0>.', 'text_fra': ""Augmente les PV et la DÉF de l'équipement de <NUM0>."", 'text_kor': '장비품의 HP, 방어력＋<NUM0>', 'text_rus': 'Повышает ОЗ и ЗЩТ снаряжения на <NUM0>.', 'text_spa': 'Potencia los PS y la DEF del equipo en <NUM0>.'}"
MIX_SKILL__71	-10	{'text_eng': 'Enhance Stockpiles', 'text_jpn': '連撃強化', 'text_chs': '连击强化', 'text_cht': '連擊強化', 'text_deu': 'Langlebigkeit', 'text_fra': 'Amélioration des réserves', 'text_kor': '연격 강화', 'text_rus': 'Большие запасы', 'text_spa': 'Mejorar arsenal'}	"{'text_eng': 'Increases item uses by <NUM0>.', 'text_jpn': 'アイテムの使用回数＋<NUM0>回', 'text_chs': '道具的使用次数+<NUM0>次。', 'text_cht': '道具的使用次數+<NUM0>次。', 'text_deu': 'Erhöht die Nutzung von Gegenständen um <NUM0>.', 'text_fra': ""Augmente le nombre d'utilisations de l'objet de <NUM0>."", 'text_kor': '아이템의 사용횟수＋<NUM0>회', 'text_rus': 'Увеличивает число использований предмета на <NUM0>.', 'text_spa': 'Aumenta los usos de un objeto en <NUM0>.'}"
MIX_SKILL__73	-10	{'text_eng': 'Enhance Area of Resonance', 'text_jpn': '共鳴範囲強化', 'text_chs': '共鸣范围强化', 'text_cht': '共鳴範圍強化', 'text_deu': 'Resonanzbereich erweitern', 'text_fra': 'Augmentation de la zone de résonance', 'text_kor': '공명범위 강화', 'text_rus': 'Увеличение области воздействия', 'text_spa': 'Mejorar el área de efecto'}	"{'text_eng': ""Increases the synthesized item's resonance area by <NUM0>."", 'text_jpn': '完成品の共鳴範囲＋<NUM0>', 'text_chs': '完成品的共鸣范围+<NUM0>。', 'text_cht': '完成品的共鳴範圍+<NUM0>。', 'text_deu': 'Erhöht den Resonanzbereich des synthetisierten Gegenstands um <NUM0>.', 'text_fra': ""Augmente la zone de résonance de l'objet synthétisé de <NUM0>."", 'text_kor': '완성품의 공명범위＋<NUM0>', 'text_rus': 'Расширяет область резонанса синтезированного предмета на <NUM0>.', 'text_spa': 'Aumenta el área de resonancia del objeto sintetizado en <NUM0>.'}"
MIX_SKILL__74	10	"{'text_eng': 'Unlock Slots', 'text_jpn': 'スロット開放', 'text_chs': '解锁特性结晶槽', 'text_cht': '解鎖特性結晶槽', 'text_deu': 'Plätze freischalten', 'text_fra': ""Déverrouillage d'emplacements"", 'text_kor': '슬롯 개방', 'text_rus': 'Открыть ячейки', 'text_spa': 'Desbloquear ranuras'}"	{'text_eng': 'Unlocks all trait crystal slots.', 'text_jpn': '特性結晶スロットを全て開放する', 'text_chs': '解锁所有特性结晶槽。', 'text_cht': '解鎖所有特性結晶槽。', 'text_deu': 'Schaltet alle Plätze für Eigenschaftenkristalle frei.', 'text_fra': 'Déverrouille tous les emplacements de cristaux de caractéristique.', 'text_kor': '특성결정 슬롯을 모두 개방한다', 'text_rus': 'Открывает все ячейки кристалла черты.', 'text_spa': 'Desbloquea todas las ranuras de cristal de atributo.'}
MIX_SKILL__76	10	{'text_eng': 'Cloning Technique', 'text_jpn': 'クローン技術', 'text_chs': '复制技术', 'text_cht': '複製技術', 'text_deu': 'Replikationstechnik', 'text_fra': 'Technique de clonage', 'text_kor': '클론 기술', 'text_rus': 'Приумножение', 'text_spa': 'Técnica de clonación'}	{'text_eng': 'Increases quantity by <NUM0>.', 'text_jpn': '作成個数を<NUM0>増やす', 'text_chs': '制作个数增加<NUM0>个。', 'text_cht': '製作個數增加<NUM0>個。', 'text_deu': 'Erhöht Menge um <NUM0>.', 'text_fra': 'Augmente la quantité de <NUM0>.', 'text_kor': '제작개수를 <NUM0>개 늘린다', 'text_rus': 'Увеличивает количество на <NUM0>.', 'text_spa': 'Aumenta la cantidad en <NUM0>.'}
MIX_SKILL__77	10	{'text_eng': 'Intensify Abilities', 'text_jpn': '能力ドーピング', 'text_chs': '能力禁药', 'text_cht': '能力禁藥', 'text_deu': 'Fähigkeiten verschärfen', 'text_fra': 'Augmentation des aptitudes', 'text_kor': '능력 도핑', 'text_rus': 'Усиление способностей', 'text_spa': 'Reforzar talentos'}	"{'text_eng': 'Boosts equipment HP, ATK, DEF, and SPD by <NUM0>.', 'text_jpn': '装備品のHP・攻撃力・防御力・素早さのステータス＋<NUM0>', 'text_chs': '装备的HP、攻击力、防御力、敏捷+<NUM0>。', 'text_cht': '裝備的HP、攻擊力、防禦力、敏捷+<NUM0>。', 'text_deu': 'Verbessert LP, ANG, VRT und TMP um <NUM0>.', 'text_fra': ""Augmente les PV, l'ATQ, la DÉF et la VIT de l'équipement de <NUM0>."", 'text_kor': '장비품의 HP, 공격력, 방어력, 민첩성의스테이터스＋<NUM0>', 'text_rus': 'Повышает ОЗ, АТК, ЗЩТ и СКР на <NUM0>.', 'text_spa': 'Aumenta los PS, el ATQ, la DEF y la VEL en <NUM0>.'}"
